slug	md_path	found	proposed
contact	content/contact/index.md	0	
remix-nanni-hannibal-invasion	content/post/remix-nanni-hannibal-invasion/index.md	0	
asus-eeepc-1201ha	content/post/asus-eeepc-1201ha/index.md	0	
set-april-2010	content/post/set-april-2010/index.md	0	
javascript-date-handling-format	content/post/javascript-date-handling-format/index.md	0	
check-metamodel-existence-dynamic-data-application	content/post/check-metamodel-existence-dynamic-data-application/index.md	0	
js-notification-panel-gmail	content/post/js-notification-panel-gmail/index.md	0	
personal-branding-introduction	content/post/personal-branding-introduction/index.md	0	
meal-prep-pouches-quick-easy	content/post/meal-prep-pouches-quick-easy/index.md	0	
issues-ajax-custom-httpmodule	content/post/issues-ajax-custom-httpmodule/index.md	0	
consuming-net-web-services-using-php-nusoap	content/post/consuming-net-web-services-using-php-nusoap/index.md	0	
table-size-space-sql-server	content/post/table-size-space-sql-server/index.md	0	
transform-sentence-slug-js	content/post/transform-sentence-slug-js/index.md	0	
robo-advisor-digital-portfolio-investing	content/post/robo-advisor-digital-portfolio-investing/index.md	0	
remix-francois-le-roy-mosquito	content/post/remix-francois-le-roy-mosquito/index.md	0	
post-data-js	content/post/post-data-js/index.md	0	
requiredfieldvalidator-radcombobox	content/post/requiredfieldvalidator-radcombobox/index.md	0	
intermittent-fasting-diet-benefits	content/post/intermittent-fasting-diet-benefits/index.md	0	
waking-up-early-get-things-done	content/post/waking-up-early-get-things-done/index.md	0	
review-filco-majestouch2-tenkeyless-ninja	content/post/review-filco-majestouch2-tenkeyless-ninja/index.md	0	
ergodox-ergonomic-keyboard-review	content/post/ergodox-ergonomic-keyboard-review/index.md	0	
luck-surface-area	content/post/luck-surface-area/index.md	0	
log-http-requests	content/post/log-http-requests/index.md	0	
ichigo-asp-net-blogging-engine	content/post/ichigo-asp-net-blogging-engine/index.md	0	
set-connectionstring-runtime-dynamicdata	content/post/set-connectionstring-runtime-dynamicdata/index.md	0	
upload-large-files-asp-net	content/post/upload-large-files-asp-net/index.md	0	
get-radio-checked-js	content/post/get-radio-checked-js/index.md	0	
call-async-method	content/post/call-async-method/index.md	0	
salesforce-backup-organization-svn-git	content/post/salesforce-backup-organization-svn-git/index.md	0	
getupandcode-podcast-review	content/post/getupandcode-podcast-review/index.md	0	
sennheiser-hd-25-review	content/post/sennheiser-hd-25-review/index.md	0	
goal-blindness-goalodicy	content/post/goal-blindness-goalodicy/index.md	0	
aspnet-vnext-mac-os-omnisharp-kulture	content/post/aspnet-vnext-mac-os-omnisharp-kulture/index.md	0	
review-10x-rule-grant-cardone	content/post/review-10x-rule-grant-cardone/index.md	0	
havisi-magic-emi	content/post/havisi-magic-emi/index.md	0	
set-september-2010	content/post/set-september-2010/index.md	0	
downsizing-home-and-earn-time-money	content/post/downsizing-home-and-earn-time-money/index.md	0	
seo-asp-net-routing	content/post/seo-asp-net-routing/index.md	0	
set-june-2010	content/post/set-june-2010/index.md	0	
set-november-2009	content/post/set-november-2009/index.md	0	
what-is-geo-arbitrage	content/post/what-is-geo-arbitrage/index.md	0	
path-to-financial-independence	content/post/path-to-financial-independence/index.md	0	
resource	content/post/resource/index.md	0	
set-february-2010	content/post/set-february-2010/index.md	0	
human-multitasking	content/post/human-multitasking/index.md	0	
mavensmate-unable-github-windows	content/post/mavensmate-unable-github-windows/index.md	0	
future-count-apex	content/post/future-count-apex/index.md	0	
search-email-inbox-csharp	content/post/search-email-inbox-csharp/index.md	0	
using-ajax-modalpopup-targetcontrol	content/post/using-ajax-modalpopup-targetcontrol/index.md	0	
web-service-reference-vs	content/post/web-service-reference-vs/index.md	0	
logging-nlog-sqlite	content/post/logging-nlog-sqlite/index.md	0	
salesforce-debug-log-apex	content/post/salesforce-debug-log-apex/index.md	0	
pomodoro-apps	content/post/pomodoro-apps/index.md	0	
saving-traditional-wet-shaving	content/post/saving-traditional-wet-shaving/index.md	0	
multiple-columns-dynamic-data	content/post/multiple-columns-dynamic-data/index.md	0	
clean-sp-cache-sql-server	content/post/clean-sp-cache-sql-server/index.md	0	
privacy	content/privacy/index.md	0	
javascript-submit-post-form-data	content/it/javascript-submit-post-form-data/index.md	0	
recensione-10x-rule-grant-cardone	content/it/recensione-10x-rule-grant-cardone/index.md	0	
goalodicy-obiettivo-distruttivo	content/it/goalodicy-obiettivo-distruttivo/index.md	0	
geo-arbitrage	content/it/geo-arbitrage/index.md	0	
multitasking-umano	content/it/multitasking-umano/index.md	0	
risparmio-rasatura-tradizionale	content/it/risparmio-rasatura-tradizionale/index.md	0	
downsizing-ridimensionamento-casa	content/it/downsizing-ridimensionamento-casa/index.md	0	
luck-surface-area	content/it/luck-surface-area/index.md	0	
preparazione-pasti-sacchetti-facile-veloce	content/it/preparazione-pasti-sacchetti-facile-veloce/index.md	0	
indipendenza-finanziaria-la-strada	content/it/indipendenza-finanziaria-la-strada/index.md	0	
aspnet-vnext-mac-os-omnisharp-kulture	content/it/aspnet-vnext-mac-os-omnisharp-kulture/index.md	0	
introduzione-personal-branding	content/it/introduzione-personal-branding/index.md	0	
svegliarsi-presto-mattina-come-perche	content/it/svegliarsi-presto-mattina-come-perche/index.md	0	
robo-advisor-consulenza-per-investire	content/it/robo-advisor-consulenza-per-investire/index.md	0	
dieta-digiuno-intermittente	content/it/dieta-digiuno-intermittente/index.md	0	
logging-nlog-sqlite	content/it/logging-nlog-sqlite/index.md	0	
reads	content/reads/index.md	0	
