/README/	content/README.md	README
/contact/	content/contact/index.md	contact
/it/aspnet-vnext-mac-os-omnisharp-kulture/	content/it/aspnet-vnext-mac-os-omnisharp-kulture/index.md	aspnet-vnext-mac-os-omnisharp-kulture
/it/dieta-digiuno-intermittente/	content/it/dieta-digiuno-intermittente/index.md	dieta-digiuno-intermittente
/it/downsizing-ridimensionamento-casa/	content/it/downsizing-ridimensionamento-casa/index.md	downsizing-ridimensionamento-casa
/it/geo-arbitrage/	content/it/geo-arbitrage/index.md	geo-arbitrage
/it/goalodicy-obiettivo-distruttivo/	content/it/goalodicy-obiettivo-distruttivo/index.md	goalodicy-obiettivo-distruttivo
/it/indipendenza-finanziaria-la-strada/	content/it/indipendenza-finanziaria-la-strada/index.md	indipendenza-finanziaria-la-strada
/it/introduzione-personal-branding/	content/it/introduzione-personal-branding/index.md	introduzione-personal-branding
/it/javascript-submit-post-form-data/	content/it/javascript-submit-post-form-data/index.md	javascript-submit-post-form-data
/it/logging-nlog-sqlite/	content/it/logging-nlog-sqlite/index.md	logging-nlog-sqlite
/it/luck-surface-area/	content/it/luck-surface-area/index.md	luck-surface-area
/it/multitasking-umano/	content/it/multitasking-umano/index.md	multitasking-umano
/it/preparazione-pasti-sacchetti-facile-veloce/	content/it/preparazione-pasti-sacchetti-facile-veloce/index.md	preparazione-pasti-sacchetti-facile-veloce
/it/recensione-10x-rule-grant-cardone/	content/it/recensione-10x-rule-grant-cardone/index.md	recensione-10x-rule-grant-cardone
/it/risparmio-rasatura-tradizionale/	content/it/risparmio-rasatura-tradizionale/index.md	risparmio-rasatura-tradizionale
/it/robo-advisor-consulenza-per-investire/	content/it/robo-advisor-consulenza-per-investire/index.md	robo-advisor-consulenza-per-investire
/it/svegliarsi-presto-mattina-come-perche/	content/it/svegliarsi-presto-mattina-come-perche/index.md	svegliarsi-presto-mattina-come-perche
/post/	content/post/_index.md	post
/post/aspnet-vnext-mac-os-omnisharp-kulture/	content/post/aspnet-vnext-mac-os-omnisharp-kulture/index.md	aspnet-vnext-mac-os-omnisharp-kulture
/post/asus-eeepc-1201ha/	content/post/asus-eeepc-1201ha/index.md	asus-eeepc-1201ha
/post/call-async-method/	content/post/call-async-method/index.md	call-async-method
/post/check-metamodel-existence-dynamic-data-application/	content/post/check-metamodel-existence-dynamic-data-application/index.md	check-metamodel-existence-dynamic-data-application
/post/clean-sp-cache-sql-server/	content/post/clean-sp-cache-sql-server/index.md	clean-sp-cache-sql-server
/post/consuming-net-web-services-using-php-nusoap/	content/post/consuming-net-web-services-using-php-nusoap/index.md	consuming-net-web-services-using-php-nusoap
/post/downsizing-home-and-earn-time-money/	content/post/downsizing-home-and-earn-time-money/index.md	downsizing-home-and-earn-time-money
/post/ergodox-ergonomic-keyboard-review/	content/post/ergodox-ergonomic-keyboard-review/index.md	ergodox-ergonomic-keyboard-review
/post/future-count-apex/	content/post/future-count-apex/index.md	future-count-apex
/post/get-radio-checked-js/	content/post/get-radio-checked-js/index.md	get-radio-checked-js
/post/getupandcode-podcast-review/	content/post/getupandcode-podcast-review/index.md	getupandcode-podcast-review
/post/goal-blindness-goalodicy/	content/post/goal-blindness-goalodicy/index.md	goal-blindness-goalodicy
/post/havisi-magic-emi/	content/post/havisi-magic-emi/index.md	havisi-magic-emi
/post/human-multitasking/	content/post/human-multitasking/index.md	human-multitasking
/post/ichigo-asp-net-blogging-engine/	content/post/ichigo-asp-net-blogging-engine/index.md	ichigo-asp-net-blogging-engine
/post/intermittent-fasting-diet-benefits/	content/post/intermittent-fasting-diet-benefits/index.md	intermittent-fasting-diet-benefits
/post/issues-ajax-custom-httpmodule/	content/post/issues-ajax-custom-httpmodule/index.md	issues-ajax-custom-httpmodule
/post/javascript-date-handling-format/	content/post/javascript-date-handling-format/index.md	javascript-date-handling-format
/post/js-notification-panel-gmail/	content/post/js-notification-panel-gmail/index.md	js-notification-panel-gmail
/post/log-http-requests/	content/post/log-http-requests/index.md	log-http-requests
/post/logging-nlog-sqlite/	content/post/logging-nlog-sqlite/index.md	logging-nlog-sqlite
/post/luck-surface-area/	content/post/luck-surface-area/index.md	luck-surface-area
/post/mavensmate-unable-github-windows/	content/post/mavensmate-unable-github-windows/index.md	mavensmate-unable-github-windows
/post/meal-prep-pouches-quick-easy/	content/post/meal-prep-pouches-quick-easy/index.md	meal-prep-pouches-quick-easy
/post/multiple-columns-dynamic-data/	content/post/multiple-columns-dynamic-data/index.md	multiple-columns-dynamic-data
/post/path-to-financial-independence/	content/post/path-to-financial-independence/index.md	path-to-financial-independence
/post/personal-branding-introduction/	content/post/personal-branding-introduction/index.md	personal-branding-introduction
/post/pomodoro-apps/	content/post/pomodoro-apps/index.md	pomodoro-apps
/post/post-data-js/	content/post/post-data-js/index.md	post-data-js
/post/remix-francois-le-roy-mosquito/	content/post/remix-francois-le-roy-mosquito/index.md	remix-francois-le-roy-mosquito
/post/remix-nanni-hannibal-invasion/	content/post/remix-nanni-hannibal-invasion/index.md	remix-nanni-hannibal-invasion
/post/requiredfieldvalidator-radcombobox/	content/post/requiredfieldvalidator-radcombobox/index.md	requiredfieldvalidator-radcombobox
/post/resource/	content/post/resource/_index.md	resource
/post/resource/	content/post/resource/index.md	resource
/post/resource/02bd0078-9f37-47d2-af8d-16998080b639/	content/post/resource/02bd0078-9f37-47d2-af8d-16998080b639.md	02bd0078-9f37-47d2-af8d-16998080b639
/post/resource/1094fb00-cc60-4b2d-a427-44fee83372e7/	content/post/resource/1094fb00-cc60-4b2d-a427-44fee83372e7.md	1094fb00-cc60-4b2d-a427-44fee83372e7
/post/resource/1d35b384-f05a-4132-8404-2c1ec239e21b/	content/post/resource/1d35b384-f05a-4132-8404-2c1ec239e21b.md	1d35b384-f05a-4132-8404-2c1ec239e21b
/post/resource/23a6c1cd-c342-49b2-8e4e-d0d52ec66f4d/	content/post/resource/23a6c1cd-c342-49b2-8e4e-d0d52ec66f4d.md	23a6c1cd-c342-49b2-8e4e-d0d52ec66f4d
/post/resource/2d1f1445-5bfa-4c22-9c69-7ab3cfb54d6f/	content/post/resource/2d1f1445-5bfa-4c22-9c69-7ab3cfb54d6f.md	2d1f1445-5bfa-4c22-9c69-7ab3cfb54d6f
/post/resource/35a0565d-8f32-43a3-8334-fa0dc64144f1/	content/post/resource/35a0565d-8f32-43a3-8334-fa0dc64144f1.md	35a0565d-8f32-43a3-8334-fa0dc64144f1
/post/resource/5822d560-d3ed-48e8-88b4-5d510acff456/	content/post/resource/5822d560-d3ed-48e8-88b4-5d510acff456.md	5822d560-d3ed-48e8-88b4-5d510acff456
/post/resource/6c2b1aa3-75e7-4e8f-94b5-11c32d12a835/	content/post/resource/6c2b1aa3-75e7-4e8f-94b5-11c32d12a835.md	6c2b1aa3-75e7-4e8f-94b5-11c32d12a835
/post/resource/6e367c2b-43a6-44bd-b251-713c99601469/	content/post/resource/6e367c2b-43a6-44bd-b251-713c99601469.md	6e367c2b-43a6-44bd-b251-713c99601469
/post/resource/73deb6aa-04af-4eef-9451-38eceeb59d39/	content/post/resource/73deb6aa-04af-4eef-9451-38eceeb59d39.md	73deb6aa-04af-4eef-9451-38eceeb59d39
/post/resource/8f00cdb9-af64-4013-8d6a-8ceba633ddac/	content/post/resource/8f00cdb9-af64-4013-8d6a-8ceba633ddac.md	8f00cdb9-af64-4013-8d6a-8ceba633ddac
/post/resource/91ae0ec9-5a5f-4046-882e-0724d7875675/	content/post/resource/91ae0ec9-5a5f-4046-882e-0724d7875675.md	91ae0ec9-5a5f-4046-882e-0724d7875675
/post/resource/a9ccd316-c4c8-4200-bfc6-9e4793e6ae84/	content/post/resource/a9ccd316-c4c8-4200-bfc6-9e4793e6ae84.md	a9ccd316-c4c8-4200-bfc6-9e4793e6ae84
/post/resource/d2b396d2-fe28-4d7a-b35a-4267de1ff83b/	content/post/resource/d2b396d2-fe28-4d7a-b35a-4267de1ff83b.md	d2b396d2-fe28-4d7a-b35a-4267de1ff83b
/post/resource/d39084a3-1ab1-4174-adab-ecdfabe2a46e/	content/post/resource/d39084a3-1ab1-4174-adab-ecdfabe2a46e.md	d39084a3-1ab1-4174-adab-ecdfabe2a46e
/post/resource/dfe33712-1dce-496d-bf39-65da67db9d19/	content/post/resource/dfe33712-1dce-496d-bf39-65da67db9d19.md	dfe33712-1dce-496d-bf39-65da67db9d19
/post/resource/e471776d-e79d-48ee-a946-a86f9425b3a6/	content/post/resource/e471776d-e79d-48ee-a946-a86f9425b3a6.md	e471776d-e79d-48ee-a946-a86f9425b3a6
/post/resource/e5ca9a5c-60d5-4954-8f78-bf4e3d891bef/	content/post/resource/e5ca9a5c-60d5-4954-8f78-bf4e3d891bef.md	e5ca9a5c-60d5-4954-8f78-bf4e3d891bef
/post/resource/eef7a2b1-8ab8-48f9-b490-395cb0240b7d/	content/post/resource/eef7a2b1-8ab8-48f9-b490-395cb0240b7d.md	eef7a2b1-8ab8-48f9-b490-395cb0240b7d
/post/resource/f6761147-7bbc-46c7-8570-63d69130785d/	content/post/resource/f6761147-7bbc-46c7-8570-63d69130785d.md	f6761147-7bbc-46c7-8570-63d69130785d
/post/review-10x-rule-grant-cardone/	content/post/review-10x-rule-grant-cardone/index.md	review-10x-rule-grant-cardone
/post/review-filco-majestouch2-tenkeyless-ninja/	content/post/review-filco-majestouch2-tenkeyless-ninja/index.md	review-filco-majestouch2-tenkeyless-ninja
/post/robo-advisor-digital-portfolio-investing/	content/post/robo-advisor-digital-portfolio-investing/index.md	robo-advisor-digital-portfolio-investing
/post/salesforce-backup-organization-svn-git/	content/post/salesforce-backup-organization-svn-git/index.md	salesforce-backup-organization-svn-git
/post/salesforce-debug-log-apex/	content/post/salesforce-debug-log-apex/index.md	salesforce-debug-log-apex
/post/saving-traditional-wet-shaving/	content/post/saving-traditional-wet-shaving/index.md	saving-traditional-wet-shaving
/post/search-email-inbox-csharp/	content/post/search-email-inbox-csharp/index.md	search-email-inbox-csharp
/post/sennheiser-hd-25-review/	content/post/sennheiser-hd-25-review/index.md	sennheiser-hd-25-review
/post/seo-asp-net-routing/	content/post/seo-asp-net-routing/index.md	seo-asp-net-routing
/post/set-april-2010/	content/post/set-april-2010/index.md	set-april-2010
/post/set-connectionstring-runtime-dynamicdata/	content/post/set-connectionstring-runtime-dynamicdata/index.md	set-connectionstring-runtime-dynamicdata
/post/set-february-2010/	content/post/set-february-2010/index.md	set-february-2010
/post/set-june-2010/	content/post/set-june-2010/index.md	set-june-2010
/post/set-november-2009/	content/post/set-november-2009/index.md	set-november-2009
/post/set-september-2010/	content/post/set-september-2010/index.md	set-september-2010
/post/table-size-space-sql-server/	content/post/table-size-space-sql-server/index.md	table-size-space-sql-server
/post/transform-sentence-slug-js/	content/post/transform-sentence-slug-js/index.md	transform-sentence-slug-js
/post/upload-large-files-asp-net/	content/post/upload-large-files-asp-net/index.md	upload-large-files-asp-net
/post/using-ajax-modalpopup-targetcontrol/	content/post/using-ajax-modalpopup-targetcontrol/index.md	using-ajax-modalpopup-targetcontrol
/post/waking-up-early-get-things-done/	content/post/waking-up-early-get-things-done/index.md	waking-up-early-get-things-done
/post/web-service-reference-vs/	content/post/web-service-reference-vs/index.md	web-service-reference-vs
/post/what-is-geo-arbitrage/	content/post/what-is-geo-arbitrage/index.md	what-is-geo-arbitrage
/privacy/	content/privacy/index.md	privacy
/reads/	content/reads/index.md	reads
